RAW,temperature
297.1197814941406,24.6083501180013
296.36212158203125,23.924447854359943
295.7771301269531,23.37838665644328
295.44873046875,22.81761884689331
295.5030822753906,22.99724833170573
294.5177001953125,24.340727647145588
292.726806640625,26.390881379445393
291.845458984375,27.874273141225178
289.7398986816406,29.501139958699543
288.69085693359375,30.910027345021565
288.77935791015625,31.963956991831463
293.837158203125,28.153904914855957
286.3676452636719,30.942530473073322
285.965576171875,33.12922032674154
285.862060546875,34.33340644836426
287.72216796875,33.339128176371254
289.3284606933594,33.2121311823527
291.2326354980469,32.70312945048014
291.8367004394531,30.60185511906942
295.17413330078125,28.83851893742879
296.6639099121094,27.298765977223713
297.8517761230469,25.849330107371014
298.6620788574219,25.169203917185467
297.6175231933594,24.639527956644695
296.9736022949219,24.4259033203125
296.1822814941406,24.317708651224773
295.78887939453125,23.72598918279012
295.6834716796875,23.577545007069904
296.110595703125,24.287076632181805
296.5613708496094,24.754969596862793
294.2125549316406,25.49685843785604
292.481689453125,26.880767186482746
292.7203674316406,28.207841714223225
290.1565246582031,29.67811155319214
286.65277099609375,30.757692495981853
287.24261474609375,32.00636466344198
286.7884826660156,33.33040269215902
288.7371520996094,34.169402758280434
286.21490478515625,34.79680315653483
290.028564453125,33.20730845133463
292.5013122558594,31.753329594930012
292.93634033203125,30.29283062616984
293.9228515625,29.14326779047648
294.1780700683594,26.523759524027508
297.98773193359375,22.716757774353027
295.57598876953125,22.742953618367512
294.6939697265625,21.545840581258137
295.57220458984375,20.272883415222168
294.15631103515625,18.396777311960857
294.6153869628906,17.24620819091797
293.8438720703125,17.450188318888348
293.76983642578125,17.61891444524129
293.60333251953125,17.718323707580566
294.9988098144531,17.410704453786213
292.43597412109375,16.260288794835407
294.35321044921875,15.57936422030131
292.46002197265625,14.99894094467163
292.9028625488281,15.516081730524698
291.38763427734375,16.726016680399578
291.6610107421875,17.393151147024973
288.05364990234375,23.394301986694337
288.93878173828125,23.589933395385742
290.0042419433594,23.644943237304688
291.3994445800781,22.495153427124023
291.789794921875,21.938761711120605
292.3855285644531,21.372159481048584
293.8699951171875,19.83854039510091
294.21478271484375,19.23691622416178
294.500732421875,17.93866189320882
294.37908935546875,17.019981543223064
294.13720703125,16.522309462229412
293.9726867675781,15.96685004234314
293.822509765625,15.669428507486979
293.6755065917969,16.06588649749756
293.6557922363281,15.936071475346884
293.8557434082031,15.919526894887287
295.3529968261719,16.14053138097127
294.2692565917969,17.380831877390545
294.0021057128906,18.553234100341797
291.63031005859375,20.526451587677002
291.4107360839844,22.17551898956299
290.792724609375,23.052690982818604
290.4073181152344,23.905664761861164
289.9988708496094,24.520423730214436
289.1446533203125,25.716511408487957
290.4245300292969,25.378939151763916
290.06719970703125,24.675568262736004
291.5624694824219,24.373331546783447
292.92047119140625,24.28001642227173
292.9272155761719,23.478002389272053
294.847900390625,22.237029552459717
294.388916015625,21.956951936086018
294.513916015625,21.272916793823242
294.7570495605469,20.54258394241333
293.49505615234375,21.222195943196613
293.927734375,20.91558297475179
294.2205505371094,20.76978937784831
293.8813171386719,20.603354930877686
293.3510437011719,20.794567108154297
293.38909912109375,20.940626621246338
295.07232666015625,21.016191164652508
295.5323486328125,21.34681574503581
294.1418151855469,22.455895741780598
293.9065856933594,23.94245147705078
292.82403564453125,26.001811504364014
292.1690673828125,27.330743312835693
290.8902282714844,25.572335720062256
289.1536865234375,25.93656333287557
290.3936462402344,27.729824542999268
289.87152099609375,27.30095100402832
291.1319885253906,26.37080669403076
291.83013916015625,25.70761267344157
292.6842346191406,25.302009264628094
293.28717041015625,24.614657084147137
297.7523193359375,24.079885959625244
296.45513916015625,23.6631334622701
295.541748046875,22.669727484385174
295.5413818359375,22.599111874898274
294.23980712890625,22.793521245320637
294.4580078125,21.85362672805786
294.7394104003906,21.514755407969158
295.1223449707031,21.136667410532635
294.9013671875,20.860633055369057
295.2515869140625,20.173747380574543
295.7015380859375,19.896646817525227
294.63470458984375,21.053703625996906
294.0400695800781,21.2397936185201
292.70172119140625,22.724384148915608
289.14208984375,24.055115222930908
289.9122619628906,24.969180425008137
290.0949401855469,24.945102055867512
289.639892578125,25.9694398244222
289.54205322265625,27.5330909093221
289.6292724609375,28.20884132385254
289.3586730957031,28.415905952453613
290.7879638671875,27.330077171325684
291.1590270996094,26.923388322194416
292.30535888671875,26.556842803955078
294.60015869140625,24.74370018641154
297.3414306640625,23.005294164021812
298.080322265625,21.581161657969158
297.450927734375,20.572789669036865
297.00494384765625,19.700448671976726
296.63043212890625,19.103678226470947
296.1363525390625,18.511206309000652
296.1248474121094,18.09699074427287
295.3190002441406,17.66090265909831
295.224853515625,17.205452124277752
295.1272888183594,17.248199621836346
295.083984375,18.001312096913654
294.59271240234375,19.7142440478007
293.67437744140625,21.400892734527588
292.49798583984375,23.110704739888508
292.17449951171875,24.5883682568868
289.82757568359375,26.331822395324707
288.298095703125,29.047834396362305
285.76568603515625,30.429851690928142
286.88104248046875,31.000710328420002
287.84381103515625,30.755167484283447
289.55352783203125,29.642537911732994
291.1060791015625,29.339535236358643
292.00543212890625,28.158414045969646
295.16217041015625,26.574687321980793
294.56866455078125,25.92714564005534
293.9848327636719,25.513922373453777
295.0099792480469,25.128774483998615
295.2693176269531,24.320799191792805
294.70428466796875,23.03913688659668
294.7290954589844,22.45379797617594
295.45672607421875,21.92504072189331
295.3377990722656,21.64624849955241
295.37322998046875,21.641000429789226
295.76605224609375,21.64752785364787
298.1966552734375,19.69257338841756
295.88995361328125,18.072606722513836
294.96307373046875,18.149343490600586
294.31536865234375,18.533372402191162
294.45391845703125,19.077182133992512
293.8279724121094,19.909515221913658
293.3197326660156,19.79004446665446
292.2008972167969,21.18080727259318
291.65008544921875,23.391987641652427
291.3497314453125,23.16372283299764
293.2911682128906,23.126929601033527
294.8298645019531,22.470909118652344
297.166748046875,22.27113151550293
295.67144775390625,22.238088448842365
295.5608215332031,21.45935297012329
296.2640075683594,21.17469310760498
293.4939880371094,20.741955121358234
294.6384582519531,19.87160348892212
294.6038513183594,20.10623550415039
294.23736572265625,20.547039826711018
293.27850341796875,20.121221860249836
293.3262023925781,20.002250512440998
294.1141357421875,19.85678307215373
295.2315673828125,19.847039063771565
295.8211669921875,19.29998509089152
293.66986083984375,18.994770844777424
293.6639404296875,17.960569222768147
292.50848388671875,17.389124552408855
292.8522033691406,16.729673226674397
293.4150695800781,16.603655020395916
293.48504638671875,15.53947401046753
294.93450927734375,15.632169246673584
294.428955078125,15.503093798955282
293.6917724609375,15.46434235572815
293.067138671875,15.395405292510986
292.9994812011719,15.73853874206543
294.275634765625,15.597334384918213
293.8773498535156,15.425737778345743
294.1307678222656,15.264764865239462
293.3993225097656,15.227099259694418
293.5653381347656,14.795047203699749
293.86663818359375,14.124486446380615
293.02789306640625,13.191638469696045
293.0862121582031,12.214597781499227
292.89251708984375,11.691015879313152
293.088134765625,11.310363133748373
293.83026123046875,11.58162260055542
294.4793395996094,11.617649475733439
293.984619140625,13.435435930887857
293.8600158691406,14.908670028050741
292.3401184082031,16.276473840077717
290.36444091796875,17.542111078898113
290.28179931640625,18.461557865142822
289.37298583984375,18.361496130625408
290.4449768066406,19.366138299306233
289.97711181640625,21.45675532023112
289.9667053222656,22.255799134572346
290.87091064453125,22.14218266805013
291.04248046875,20.546460310618084
292.4998474121094,19.210307439168293
293.9787292480469,18.648414134979248
294.4902648925781,17.293131828308105
297.0653381347656,16.060271581013996
295.9430847167969,14.958671172459919
295.17083740234375,14.175706307093302
295.02239990234375,13.44503378868103
294.52227783203125,13.609403689702352
294.3145751953125,13.3352739016215
295.33209228515625,13.016798257827759
295.24383544921875,13.149756669998169
295.1478271484375,13.832859516143799
296.6414489746094,14.524001518885296
296.8946838378906,15.162118673324585
297.0292053222656,15.782951434453329
297.1248474121094,16.154059171676636
297.0555725097656,16.694851557413738
294.37835693359375,17.17026424407959
293.1820373535156,17.84739891688029
293.5484619140625,17.642046451568604
293.6196594238281,16.871670405069988
292.3775329589844,18.7406964302063
291.1282958984375,19.532419840494793
291.89569091796875,18.947214126586914
292.66455078125,19.084309260050457
292.99066162109375,17.81262445449829
294.7456970214844,16.379180272420246
293.3813781738281,15.632895310719807
294.2508239746094,15.038411458333334
294.67779541015625,14.433217604955036
294.4156188964844,14.180088996887207
294.4234619140625,14.547566493352255
294.1463317871094,15.496519645055134
293.6126403808594,16.399155298868816
293.13848876953125,16.41155727704366
293.94482421875,15.501428604125977
294.4056091308594,15.724631468454996
295.197021484375,16.361296494801838
294.52191162109375,17.11320988337199
292.71392822265625,18.934812545776367
292.3761291503906,19.416572093963623
291.88311767578125,20.115800221761067
291.37115478515625,20.58385928471883
292.4731140136719,20.04599968592326
292.884521484375,20.407520453135174
294.8271789550781,16.952902952829998
295.20513916015625,17.15111509958903
294.45709228515625,17.577205816904705
295.04315185546875,17.634140491485596
294.2947998046875,17.425697644551594
294.8130187988281,17.06629244486491
294.0673522949219,16.907943884531658
294.59271240234375,15.917987982432049
296.43890380859375,15.606039762496948
295.5163269042969,14.64086135228475
295.47808837890625,13.53068208694458
294.9313049316406,13.487208604812622
294.3341369628906,12.290108601252237
294.29937744140625,12.709439039230347
294.0082092285156,12.330331961313883
294.1466979980469,12.319568475087484
293.90692138671875,13.526459296544392
292.3046569824219,14.806796471277872
292.6324768066406,15.54353674252828
292.09136962890625,16.372213045756023
291.7481384277344,18.143415609995525
290.75885009765625,20.37365134557088
288.8919372558594,22.750966548919678
291.3143310546875,23.805476665496826
291.3251953125,23.728326956431072
291.5869140625,24.288442134857178
292.63287353515625,23.280669530232746
293.05181884765625,22.44710413614909
293.70245361328125,21.43896484375
293.3861999511719,20.551901976267498
294.99530029296875,20.068390210469563
297.62261962890625,19.980430603027344
295.80206298828125,19.233832518259685
296.2517395019531,18.52108351389567
295.417724609375,18.011029720306396
294.1955261230469,17.868906021118164
295.3973083496094,17.75890000661214
294.8542785644531,16.895415147145588
294.6617736816406,16.162651141484577
294.299560546875,16.675522963205974
294.18560791015625,17.004056135813396
293.75982666015625,17.412016709645588
295.0216064453125,17.490931351979572
292.2411804199219,19.297101338704426
290.2992858886719,21.14355484644572
291.62457275390625,21.160279591878254
292.74761962890625,21.42718251546224
291.26055908203125,22.74232769012451
290.33477783203125,23.660322666168213
292.12274169921875,22.622503916422527
291.5679931640625,21.81203095118205
292.8019104003906,20.43743324279785
294.2418212890625,19.28333393732707
293.6532287597656,19.37307866414388
293.0437927246094,18.90952221552531
293.599853515625,18.718703269958496
293.87506103515625,18.06203603744507
293.396484375,17.572350184122723
293.8065185546875,17.228251298268635
294.5061950683594,15.573742628097534
294.7093811035156,14.716086069742838
294.686279296875,14.057627360026043
294.8343200683594,13.975609064102173
295.6233825683594,14.147831757863363
295.7601623535156,14.71705174446106
295.47576904296875,14.907877365748087
295.09088134765625,15.225653886795044
294.2684020996094,14.832100073496502
294.8491516113281,15.15281375249227
292.2057800292969,16.768145084381104
292.9383239746094,16.183192253112793
295.06585693359375,16.214170773824055
295.318603515625,16.51799996693929
295.17864990234375,16.52398093541463
294.17376708984375,16.870018641153973
294.20892333984375,16.09322778383891
294.2872009277344,15.53777535756429
294.63519287109375,15.422354221343994
294.64404296875,15.100607951482138
293.8300476074219,15.09739096959432
293.79156494140625,15.067991177241009
293.0762939453125,14.97784694035848
293.30474853515625,14.976075172424316
293.43804931640625,14.617522637049358
293.8333740234375,13.424938758214315
293.55767822265625,13.422441085179647
293.7008056640625,13.423593203226725
293.7294006347656,13.62038032213847
294.078857421875,13.943085273106893
294.41204833984375,14.331750392913818
294.85784912109375,14.486029545466106
294.5434265136719,14.094713687896729
293.5975036621094,15.332569440205893
293.7808532714844,16.088905413945515
294.3371887207031,16.045884529749554
295.3682861328125,16.192304213841755
292.6730041503906,16.384548664093018
294.1416015625,16.58610455195109
294.06329345703125,16.528144200642902
294.0762634277344,15.59572927157084
295.1759033203125,15.444274107615152
295.0686340332031,16.55185588200887
295.8435974121094,17.085588296254475
292.7872619628906,16.948427041371662
292.86419677734375,16.466147740681965
293.3993835449219,16.210620403289795
293.223876953125,16.175259749094646
292.62744140625,16.122334559758503
292.84466552734375,15.63615886370341
293.16778564453125,15.212326129277548
293.5086364746094,14.781079848607382
294.4259338378906,14.725663820902506
295.4697570800781,15.089471658070883
295.7931823730469,15.282328605651855
296.5325012207031,15.413588841756185
293.67230224609375,16.01508617401123
293.1817626953125,16.349973678588867
291.3631286621094,18.087859471638996
289.8487854003906,19.27069902420044
290.8136901855469,19.865142663319904
289.940185546875,20.107947667439777
290.6477355957031,19.888407866160076
293.6749572753906,18.72383181254069
294.5259704589844,18.72533718744914
295.04632568359375,17.821675936381023
295.3978576660156,17.337571303049724
295.22650146484375,17.27545468012492
295.1622314453125,17.135842482248943
294.50067138671875,17.24812650680542
294.7230224609375,17.216928482055664
294.3100280761719,17.082524299621582
294.4391174316406,15.871244112650553
294.2469177246094,15.712062994639078
293.7726135253906,15.952256917953491
293.8560791015625,15.698448737462362
295.01318359375,15.877345244089762
295.03656005859375,16.08173195521037
293.1809387207031,16.834823767344158
293.3377380371094,17.57607364654541
292.1305847167969,18.37602965037028
291.3797607421875,19.46106497446696
291.53607177734375,20.317902247111
291.6517028808594,21.18074083328247
292.55078125,21.342466354370117
291.54840087890625,21.462257226308186
293.172607421875,20.727341651916504
295.566162109375,20.61114772160848
295.4626770019531,19.687684853871662
296.5311279296875,18.824359893798828
297.6534118652344,18.21954584121704
297.8739013671875,17.673837502797443
297.1084899902344,16.81171194712321
296.35211181640625,16.04282744725545
296.2702331542969,15.831327199935913
295.1929931640625,15.668289343516031
294.9941101074219,14.811458985010782
295.021240234375,14.451647440592447
294.7555236816406,14.563618580500286
294.6331481933594,14.298227707544962
295.5559997558594,14.114901781082153
295.4930114746094,14.402026255925497
294.2096862792969,15.730858961741129
293.1247253417969,17.434216181437176
291.9781799316406,18.72184689839681
291.152099609375,20.358405272165935
290.95404052734375,21.922856171925865
290.53717041015625,22.794599850972492
290.16387939453125,24.100220839182537
290.138671875,24.23151461283366
290.3515625,24.456568717956543
292.150634765625,23.9347718556722
292.1462097167969,23.46580680211385
294.4292297363281,22.62841828664144
295.76434326171875,20.784616152445473
296.0229797363281,19.97103261947632
298.0044250488281,19.346476554870605
297.211669921875,18.35522174835205
296.47479248046875,17.102579593658447
295.4485778808594,16.346596717834473
295.13543701171875,15.738145669301352
295.3943786621094,14.99824817975362
295.2003173828125,14.951256910959879
294.7846984863281,14.727702061335245
295.0021057128906,14.491271257400513
294.827392578125,15.563498735427856
294.86834716796875,17.350852807362873
293.6868896484375,19.202414353688557
293.21893310546875,20.9875906308492
291.2276611328125,22.83437697092692
291.1671447753906,23.82706356048584
290.96783447265625,24.637449423472088
289.9733581542969,25.415059089660645
290.7373352050781,25.87061659495036
289.8807067871094,25.967881361643474
291.0377502441406,25.55913496017456
292.1573181152344,24.17337433497111
293.5914306640625,22.033628463745117
294.39166259765625,20.219525655110676
293.4075622558594,18.909349123636883
293.2526550292969,17.60005823771159
293.64007568359375,16.418797334035236
294.6869812011719,16.031957387924194
294.0185546875,15.571637868881226
293.90081787109375,14.836316188176474
293.9007873535156,14.121349334716797
294.12603759765625,13.370641628901163
295.248291015625,13.006940523783365
295.7190856933594,13.26820190747579
294.63250732421875,14.100481748580933
294.06842041015625,15.326934814453125
291.6178894042969,16.550923029581707
291.2727966308594,17.192357222239178
290.80865478515625,17.36483971277873
291.4674987792969,18.372799237569172
290.420654296875,19.757874011993408
291.1361389160156,21.148790041605633
290.3675537109375,22.245261669158936
290.2404479980469,21.84129063288371
292.0284729003906,20.442289034525555
292.3604431152344,19.810039679209392
293.2807922363281,18.635252475738525
295.07183837890625,16.8275039990743
295.31494140625,15.416806062062582
294.940673828125,14.240027586619059
297.32989501953125,13.64177401860555
295.5394287109375,13.565357128779093
294.704833984375,13.070395946502686
294.69842529296875,12.508728901545206
295.0159912109375,11.963766733805338
294.7192687988281,11.53497831026713
294.70648193359375,10.96258807182312
295.88470458984375,10.487408796946207
295.8842468261719,10.938882986704508
296.13189697265625,12.696304241816204
295.34283447265625,14.473507563273111
292.6128234863281,16.009804328282673
290.40911865234375,17.304941018422443
291.0639343261719,18.03828477859497
290.071044921875,20.048142115275066
290.2003479003906,21.681696732838947
290.67779541015625,22.902121702829998
290.8480224609375,22.634246508280437
292.4593200683594,21.431145509084065
292.6086730957031,21.199783484141033
295.62164306640625,19.442741711934406
298.002197265625,17.925387859344482
299.8818359375,16.62680721282959
299.2029724121094,15.617762406667074
298.10443115234375,14.385934273401896
296.1374816894531,13.402619123458862
296.325927734375,12.87241005897522
295.75360107421875,12.375970284144083
295.47943115234375,11.765461206436157
295.26177978515625,11.862918853759766
295.51971435546875,12.104331652323404
295.56024169921875,12.256905714670818
296.5740966796875,13.188321510950725
296.2295837402344,14.984121163686117
296.4807434082031,16.93291441599528
296.57232666015625,19.406274954477947
296.5416564941406,21.57525364557902
296.71502685546875,22.470229625701904
291.77752685546875,23.770508766174316
289.5325927734375,24.86040671666463
290.334716796875,26.241438547770183
289.3835144042969,25.939586639404297
290.9186096191406,25.722605387369793
293.2085266113281,25.090176264444988
296.2813720703125,23.898025512695312
300.1990966796875,22.47398614883423
302.25726318359375,20.84243647257487
301.651123046875,19.358578523000084
298.6390686035156,18.270132700602215
298.2320251464844,17.552888075510662
297.1608581542969,17.0407559076945
296.53399658203125,16.187987963358562
295.8323669433594,15.645716746648153
295.6493225097656,15.142303228378296
295.7291564941406,14.806276957194012
295.83294677734375,14.682196935017904
296.55926513671875,15.32253877321879
297.8302307128906,17.236130873362224
296.6886291503906,19.39511839548747
294.26263427734375,21.223701635996502
293.99517822265625,22.990015029907227
293.7293395996094,24.781132062276203
291.45782470703125,26.74649667739868
290.3309631347656,28.285250981648762
289.8916931152344,29.511391798655193
290.1686706542969,29.266369342803955
292.1988830566406,28.148762861887615
292.9504699707031,27.086878935496014
297.8553161621094,25.154184023539226
300.7650451660156,23.23174063364665
299.7952575683594,21.732037385304768
298.0200500488281,20.51520888010661
298.87493896484375,19.473313808441162
298.435791015625,18.586363792419434
295.8448486328125,17.622384707132976
295.8740539550781,16.751373449961346
295.475341796875,16.15515152613322
295.11871337890625,15.469764312108358
295.3101806640625,14.835190614064533
295.4630432128906,14.57267697652181
296.32818603515625,15.1773312886556
297.17681884765625,16.900997002919514
297.7967529296875,18.855831305185955
295.5880432128906,20.68202288945516
290.7132873535156,22.62891149520874
289.77740478515625,24.455430189768474
288.9195556640625,26.219438393910725
289.2037658691406,27.847384293874104
290.1316833496094,28.958722909291584
289.8517761230469,28.62673266728719
291.66680908203125,27.185909112294517
293.1311340332031,26.637349446614586
295.1033630371094,25.025941371917725
302.1875,22.89934428532918
302.2727355957031,21.288507143656414
301.0107421875,19.67503611246745
299.0224609375,18.544882138570152
298.1023254394531,17.210851669311523
295.90032958984375,16.182533025741577
295.73760986328125,15.492496967315674
295.7929992675781,14.977327426274618
295.4607849121094,14.37600334485372
295.8326721191406,13.664439916610718
295.6675109863281,13.494188785552979
296.35308837890625,13.900337934494019
297.9114074707031,16.014946301778156
297.585205078125,18.311028798421223
298.658447265625,20.569252967834473
294.1979064941406,22.842795848846436
289.3135070800781,24.47164821624756
288.3978271484375,25.905758539835613
289.42144775390625,27.629576683044434
289.2310485839844,28.957722981770832
289.5260314941406,28.896106878916424
290.96075439453125,27.951828797658283
291.87286376953125,26.932926019032795
296.72637939453125,25.045983155568443
301.3122863769531,23.324416160583496
302.0484924316406,21.520104090372723
299.5500793457031,20.066924889882404
299.5126647949219,18.74501895904541
298.08660888671875,17.780759811401367
297.7950744628906,16.817546208699543
296.8900451660156,15.94831379254659
296.095703125,15.28297472000122
295.6991271972656,14.868646621704102
295.6319885253906,14.356334686279297
296.1866760253906,14.206478039423624
296.1021423339844,14.74286150932312
295.9883117675781,16.854252735773724
292.9998474121094,19.11189031600952
293.88629150390625,21.321805318196613
290.128173828125,23.459245999654136
286.248046875,25.07910664876302
289.01947021484375,26.276785850524902
288.865478515625,27.56899118423462
287.5947570800781,28.89755153656006
288.61566162109375,29.084694862365723
289.7866516113281,27.816032727559406
290.5133972167969,27.1225004196167
294.58709716796875,25.447903315226238
302.852783203125,23.575327078501385
302.2244567871094,21.832318941752117
300.78460693359375,20.21338415145874
299.34527587890625,19.40243180592855
298.7082824707031,18.660929203033447
298.6774597167969,18.06613254547119
296.67816162109375,17.489652633666992
295.9751892089844,16.37798802057902
295.0963134765625,16.184477885564167
294.6444396972656,15.580796082814535
294.3963928222656,15.927366256713867
294.33770751953125,16.6617755095164
294.3096008300781,18.129901091257732
293.390869140625,20.16418981552124
293.61859130859375,22.077148596445717
292.22186279296875,23.938781420389812
292.197998046875,24.904359658559162
289.13177490234375,27.152839024861652
289.4142150878906,28.524333477020264
289.1189880371094,28.460224787394207
289.9785461425781,28.439176082611084
291.8836364746094,27.897318681081135
292.7583923339844,26.65742460886637
295.14947509765625,25.171241601308186
296.65789794921875,24.20409901936849
296.9988708496094,23.737139066060386
297.95458984375,22.220277945200603
297.036865234375,21.706507205963135
297.9723205566406,21.652863184611004
297.016845703125,21.255698998769123
295.74969482421875,20.7455317179362
295.75396728515625,19.062555631001793
295.1737060546875,18.736966609954834
295.1565246582031,18.28778330485026
295.7915344238281,18.238128980000813
295.92962646484375,18.75672181447347
295.5080871582031,20.144041061401367
295.6708068847656,21.19764518737793
294.212646484375,23.00123119354248
291.3060607910156,23.838759422302246
291.31390380859375,23.785528500874836
290.251220703125,25.62227908047763
289.3763122558594,25.591944694519043
289.69390869140625,26.18368434906006
292.26458740234375,25.891477584838867
293.2445373535156,25.21004009246826
292.6842346191406,25.33250856399536
294.6346740722656,24.315011819203697
297.2853698730469,22.93192148208618
297.86724853515625,21.842329661051433
297.3747253417969,21.008171717325848
295.3201904296875,20.8582288424174
295.52679443359375,19.91883373260498
297.5476989746094,19.409878571828205
295.7550048828125,18.933433532714844
295.44183349609375,18.423585891723633
294.63006591796875,18.277286370595295
295.7413330078125,18.139272530873615
295.9653625488281,17.639781951904297
296.31304931640625,17.836588859558105
296.66815185546875,19.13672113418579
294.728271484375,20.476364135742188
294.4602966308594,22.1287948290507
293.5069580078125,24.255192279815674
291.8305358886719,25.403550624847412
291.617919921875,27.196231842041016
291.2894287109375,27.64209238688151
291.5327453613281,28.42924706141154
291.3565979003906,27.236509482065838
292.7861633300781,26.41490602493286
293.77490234375,25.433728853861492
296.2059326171875,23.686418692270916
298.0458984375,22.022325197855633
298.47528076171875,20.656120141347248
299.9303283691406,19.79990212122599
298.45465087890625,19.03214995066325
297.49267578125,18.242711544036865
296.5301818847656,17.581695079803467
296.88861083984375,17.105836391448975
296.3255310058594,16.60334873199463
295.7078552246094,16.113096555074055
295.5335388183594,15.67477035522461
295.63653564453125,15.393067598342896
296.2498474121094,15.370748043060303
296.77825927734375,16.309357325236004
296.89520263671875,17.500329335530598
295.08526611328125,19.558103402455647
294.13665771484375,21.721433480580647
294.2648010253906,23.58313306172689
290.49151611328125,25.388683478037517
288.8985595703125,27.220983346303303
289.76861572265625,28.77954689661662
290.8885803222656,29.130292733510334
292.72003173828125,28.476895650227863
293.3034973144531,27.54767147699992
295.816162109375,25.899963855743408
297.9459228515625,24.392733732859295
298.2669372558594,23.191670735677082
299.31854248046875,22.282327969868977
298.6739807128906,21.54658031463623
297.6946716308594,21.211206754048664
296.8634338378906,20.84250990549723
296.76593017578125,20.30047845840454
296.6300354003906,19.955366611480713
296.1740417480469,20.08504851659139
296.0956726074219,20.19052521387736
296.21002197265625,20.40187915166219
296.8775634765625,21.336591561635334
297.1141357421875,22.810831864674885
296.0198974609375,24.31772232055664
295.0104675292969,25.325475374857582
293.8268737792969,26.82760270436605
294.3858947753906,26.79547866185506
292.0770263671875,28.38955561319987
290.5477600097656,29.37496133284135
293.1178283691406,29.86176506678263
294.0423583984375,28.18101994196574
292.8594665527344,26.30167023340861
296.56121826171875,25.369954109191895
296.4444580078125,24.96511713663737
298.3612365722656,23.447343826293945
298.23944091796875,22.343958218892414
297.70367431640625,22.030824502309162
295.6507263183594,22.12160809834798
295.31585693359375,21.98144276936849
295.8470458984375,21.469736576080322
295.412841796875,21.444200197855633
294.0762023925781,21.915030002593994
293.2300109863281,21.765140056610107
293.18841552734375,20.72696876525879
293.8801574707031,18.02616246541341
295.3246765136719,16.172708829243977
294.00933837890625,16.03234346707662
295.37884521484375,15.192683855692545
295.68878173828125,15.29240640004476
295.29052734375,15.571417967478434
295.549072265625,16.174620151519775
293.72845458984375,16.41370900472005
294.5563659667969,17.177038033803303
294.3829345703125,17.390856107076008
294.7507629394531,17.240639845530193
294.7518310546875,17.545221487681072
295.344482421875,17.065786361694336
295.53167724609375,17.149643103281658
294.322509765625,17.000726064046223
294.6917419433594,16.34387230873108
294.4191589355469,15.960076252619425
294.1651916503906,15.817233403523764
294.1091003417969,15.583100636800129
293.91021728515625,15.558016935984295
293.3174743652344,15.43502918879191
293.5152282714844,14.978819370269775
291.9588623046875,15.118445237477621
292.3392028808594,14.886776765187582
293.67730712890625,14.307512601216635
293.6242370605469,14.545095523198446
292.8652648925781,14.836122989654541
293.2436218261719,14.809540669123331
293.1279602050781,15.014373540878296
292.5210876464844,15.864243904749552
291.5103454589844,17.44670518239339
291.91925048828125,16.82239532470703
293.1668701171875,16.562313079833984
292.5260009765625,17.06043767929077
293.6178283691406,17.066006024678547
293.69281005859375,16.484497388203938
294.3792419433594,15.622757832209269
294.999755859375,15.148417790730793
294.94683837890625,14.889307816823324
292.8826599121094,14.503227154413858
293.24102783203125,14.250258127848307
293.28167724609375,13.839606602986654
293.5333557128906,13.446412483851114
293.5010070800781,13.47119657198588
292.0441589355469,12.978926261266073
292.73199462890625,12.985633293787638
291.7974548339844,12.464962323506672
292.24029541015625,11.929351568222046
292.5880126953125,11.405217011769613
293.261474609375,11.206265370051065
292.61224365234375,11.715966542561848
291.8576354980469,12.431819200515747
291.3102111816406,12.965551614761353
292.0445556640625,13.106889247894287
292.60888671875,13.06644606590271
292.1671142578125,14.060098568598429
291.89996337890625,14.837799158963291
292.8175048828125,14.48103756374783
293.65545654296875,13.72874124844869
294.30084228515625,12.827257951100668
294.1894226074219,12.784050782521566
294.415771484375,12.579231182734173
294.0090026855469,12.73899221420288
294.03057861328125,12.714301347732544
294.0971374511719,12.730119943618774
294.0102233886719,13.011063575744629
293.8298645019531,13.676582177480062
293.50579833984375,13.87709895769755
292.8507995605469,13.65590786933899
292.3206481933594,13.64577054977417
292.4798583984375,13.563991705576578
293.5157775878906,13.240280787150065
294.4583740234375,13.290428320566814
294.85797119140625,13.4797154267629
293.7479248046875,13.924482425053915
292.73681640625,14.258110920588175
291.8928527832031,14.932321866353353
292.5423278808594,13.810506502787272
291.77398681640625,13.689949989318848
292.04364013671875,13.583187500635782
291.7806396484375,14.321160157521566
292.56298828125,14.126704374949137
293.49420166015625,13.674057960510254
295.15936279296875,12.638883511225384
296.569091796875,12.346317291259766
296.04364013671875,12.484824101130167
293.9654541015625,12.198545694351196
292.513671875,12.368144114812216
292.8310241699219,12.339017391204834
293.2830505371094,12.594337463378906
293.1089172363281,12.130954186121624
293.8828430175781,10.688704888025919
294.0368957519531,10.564405123392742
293.67413330078125,9.291181325912476
294.2073669433594,9.458961407343546
294.26226806640625,9.042322158813477
295.15228271484375,8.473221937815348
295.62396240234375,9.044100522994995
295.1604309082031,10.42880900700887
294.34075927734375,11.643885771433512
293.9417419433594,13.379473527272541
293.16851806640625,14.98378817240397
291.03857421875,15.948993047078451
291.95269775390625,16.240546941757202
292.54156494140625,16.750827709833782
292.668212890625,16.506430943806965
293.3475036621094,16.13329807917277
296.4172668457031,14.094653606414795
296.9337158203125,13.970973332722982
296.08123779296875,13.81966495513916
295.7259826660156,13.193450133005777
295.6057434082031,12.90805753072103
295.5504150390625,12.961308797200521
293.082763671875,12.580109119415283
293.7251281738281,11.912620226542154
294.62811279296875,11.08245849609375
294.69964599609375,10.755763530731201
294.08734130859375,10.89518960316976
293.2161560058594,10.376137018203735
293.5950622558594,10.375097910563152
295.5605773925781,10.208723306655884
296.85015869140625,10.850763320922852
296.4553527832031,11.32948629061381
294.1422424316406,11.727975527445475
294.30133056640625,12.300579071044922
292.82305908203125,13.56857419013977
292.2812194824219,13.888428688049316
292.13360595703125,14.065060695012411
292.90338134765625,14.389004786809286
292.0689392089844,14.78239893913269
292.80572509765625,14.368143796920776
293.9971008300781,13.897047360738119
294.9127502441406,13.89658792813619
296.78253173828125,13.732218027114868
297.09600830078125,13.460925896962484
295.402587890625,13.319748083750406
294.6634216308594,12.994598468144735
294.5167541503906,12.651072422663372
295.0870666503906,12.42922838528951
295.0997314453125,11.980491558710733
295.21539306640625,11.689544041951498
294.669189453125,11.481414079666138
294.5716247558594,11.073553244272867
294.9049377441406,10.648787895838419
294.3680114746094,11.122921466827393
295.1571044921875,11.53407915433248
294.39849853515625,12.253568649291992
293.61126708984375,13.030565818150839
292.9967041015625,15.24371075630188
291.7632141113281,16.5688533782959
292.1131286621094,16.807495594024658
291.7920837402344,17.27730639775594
291.945556640625,17.824007034301758
292.9996337890625,18.53397846221924
293.296630859375,18.29596932729085
294.3605041503906,18.02498992284139
296.1300354003906,18.199317455291748
295.271484375,17.13877296447754
295.04669189453125,16.53242031733195
294.4366149902344,16.63934898376465
293.85418701171875,16.84376271565755
292.58294677734375,17.232786814371746
292.7095642089844,17.32904561360677
292.5547790527344,17.55700429280599
292.7575378417969,17.37632926305135
292.6926574707031,17.29955291748047
292.4787292480469,16.347728729248047
294.39141845703125,15.11287029584249
294.8522033691406,14.45386560757955
294.9352722167969,14.454051971435547
292.7562561035156,14.411863803863525
293.52191162109375,14.583886782328289
293.66510009765625,15.018230040868124
292.2757568359375,15.412836392720541
292.63922119140625,16.007233301798504
292.9403076171875,16.47168223063151
293.36175537109375,17.04540475209554
292.5433044433594,17.450581550598145
292.924560546875,16.874887148539226
294.4446105957031,16.71199623743693
295.40643310546875,16.187955141067505
296.3876647949219,15.916516224543253
296.00543212890625,15.466587146123251
296.12396240234375,14.377068916956583
294.84490966796875,14.798397699991861
294.5066223144531,15.34512480099996
293.8673400878906,15.734196027119955
293.81927490234375,16.255486408869427
293.1123352050781,16.243144353230793
293.7302551269531,16.089937527974445
293.753173828125,16.609129905700684
294.02484130859375,16.68614610036214
294.405029296875,16.840338865915935
294.025634765625,16.62743345896403
294.3233947753906,16.55027707417806
294.4513244628906,17.11630694071452
294.31195068359375,18.810199737548828
292.57952880859375,21.135688940684002
292.2419128417969,21.56101417541504
292.4752502441406,22.15710242589315
291.87139892578125,22.806162516276043
292.424560546875,22.44660441080729
293.626220703125,22.58830165863037
294.0809020996094,22.346995671590168
294.60247802734375,22.370187600453693
296.888671875,22.55186192194621
298.0550842285156,22.276546478271484
298.9510192871094,21.102718671162922
297.3255920410156,20.549317518870033
296.920654296875,20.04215415318807
296.9661560058594,20.523560841878258
297.56976318359375,20.631216526031494
296.3884582519531,20.43952449162801
296.036865234375,20.32837963104248
295.9671936035156,20.07477076848348
295.9883117675781,19.207250118255615
294.8659362792969,18.71918265024821
294.9751892089844,18.884944597880047
295.0452880859375,20.030298391977947
294.2213134765625,21.881367365519207
292.8538818359375,22.65043846766154
291.927734375,22.55451234181722
291.8514099121094,23.503565629323322
291.4473571777344,24.831512610117592
290.8890380859375,26.176837126413982
291.1141052246094,26.891351858774822
291.2374267578125,26.46793778737386
292.927734375,25.290467103322346
294.4131164550781,23.83413012822469
295.2901916503906,22.457414627075195
295.502685546875,21.346516132354736
295.2198791503906,20.457468191782635
295.0911560058594,19.632808208465576
294.586669921875,19.018089771270752
294.6820983886719,18.4673326810201
294.7995300292969,18.444686730702717
295.0046081542969,18.566202640533447
295.1235656738281,18.71664508183797
294.4016418457031,18.5357567469279
294.6915283203125,18.293265024820965
295.6697082519531,17.917941411336262
295.84405517578125,17.90842326482137
295.0566101074219,17.74332094192505
295.0689392089844,17.978652636210125
295.1585388183594,18.816081047058105
294.78387451171875,19.801240921020508
293.82696533203125,21.42139418919881
292.902099609375,22.7093243598938
291.5810241699219,24.666776339213055
292.16485595703125,25.59017292658488
292.8905334472656,25.07919994990031
293.37457275390625,23.918606599171955
294.22515869140625,22.33440701166789
294.553466796875,21.001957257588703
294.57513427734375,19.81460205713908
293.7164001464844,19.09600528081258
293.4334411621094,18.2984201113383
292.964599609375,17.43247143427531
292.90863037109375,16.656540075937908
293.1119689941406,15.223342736562094
293.4381408691406,14.207550525665283
293.6651611328125,13.525700171788534
293.57952880859375,12.910029172897339
293.62139892578125,12.361523469289144
294.43951416015625,12.560208559036255
295.21392822265625,13.575987339019775
294.1327209472656,14.677581151326498
293.7959899902344,15.422147671381632
293.81158447265625,16.08722694714864
293.87091064453125,16.887455940246582
293.8513488769531,17.331037203470867
293.2923278808594,18.457594871520996
291.7237854003906,19.835716247558594
291.6607360839844,20.13109302520752
292.6587829589844,20.08840545018514
293.0039978027344,19.963339646657307
293.80682373046875,18.766219774882
295.68402099609375,17.580876032511394
295.7283935546875,16.713035424550373
295.05389404296875,15.67572291692098
294.55963134765625,15.07146143913269
294.2361145019531,14.532933235168457
294.3913879394531,13.885178407033285
294.8077697753906,13.161659161249796
293.91485595703125,12.49765912691752
293.83880615234375,11.702705224355062
294.162353515625,10.914904912312826
294.22735595703125,10.38223131497701
294.784423828125,10.016472180684408
296.2219543457031,10.728615125020346
295.58294677734375,11.697356859842936
295.0296630859375,12.788240353266398
293.6388244628906,14.105863253275555
293.60784912109375,15.25384815533956
294.0042419433594,16.768484592437744
294.2446594238281,17.361902236938477
294.5598449707031,18.631529649098717
294.933349609375,20.4696102142334
294.7598571777344,21.7150395711263
294.8944091796875,20.898338953653973
296.26458740234375,20.271970907847088
295.3974609375,19.54081916809082
295.3569641113281,19.080539385477703
295.006591796875,18.765420118967693
294.86370849609375,18.108553568522137
296.9423828125,16.28194220860799
296.5625915527344,15.301544666290283
296.5668029785156,14.80722951889038
295.93902587890625,15.004096269607544
295.3786315917969,15.88121509552002
295.6647033691406,15.431066195170084
295.54364013671875,15.65098532040914
295.6147155761719,15.930010636647543
296.3429870605469,16.21553627649943
296.545654296875,16.066079537073772
293.1600646972656,16.218107382456463
292.88525390625,15.581848462422688
293.9648742675781,15.494754791259766
293.9192199707031,15.581189235051474
294.47601318359375,15.50454592704773
294.611083984375,14.509787797927856
293.87982177734375,14.75631594657898
294.829345703125,15.114495356877645
295.2740783691406,16.03877107302348
296.178955078125,15.910201867421469
297.837158203125,16.271491686503094
297.3893127441406,16.18295939763387
297.0428161621094,15.538175026575724
296.681640625,15.115947405497232
296.282958984375,14.116267283757528
295.3211364746094,13.106929143269856
294.37957763671875,12.357567151387533
294.2451477050781,11.70514965057373
294.062255859375,11.11571478843689
294.0513916015625,10.476905028025309
294.729736328125,10.646829843521118
294.5398864746094,10.708726485570272
294.8257751464844,10.863491773605347
295.6822814941406,11.561607440312704
295.9085693359375,12.573756297429401
295.9725646972656,13.203334490458172
293.3844909667969,14.203154563903809
293.5876770019531,15.855585177739462
291.5070495605469,18.867653687795002
291.573974609375,19.538720925649006
292.740966796875,18.750940481821697
293.9065856933594,18.713061809539795
294.0928649902344,17.029459635416668
294.91363525390625,15.459566911061605
296.16546630859375,14.939268668492636
295.8006591796875,14.520844380060833
296.2397766113281,13.899651765823364
296.326904296875,13.07214085261027
295.928955078125,12.972318887710571
295.80792236328125,13.232241551081339
295.36279296875,13.075617790222168
294.99603271484375,12.776491085688273
294.47723388671875,12.274036804835001
294.3610534667969,11.533313115437826
294.4410705566406,11.082231998443604
294.3660888671875,10.819725116093954
294.1985778808594,10.553494930267334
294.3450622558594,10.87613352139791
295.1550598144531,12.491598129272461
295.04241943359375,14.706687927246094
293.8734130859375,17.221770524978638
291.94000244140625,19.402032375335693
289.09307861328125,21.067091306050617
289.3788757324219,21.85454511642456
290.596923828125,22.938122272491455
290.4743347167969,22.573089122772217
291.8575744628906,22.14601929982503
294.8572692871094,21.119483470916748
295.3573303222656,19.510733127593994
300.0057067871094,18.11242373784383
299.1604919433594,16.464515527089436
298.1805114746094,15.415926694869995
296.9064025878906,14.523735125859577
295.9906921386719,13.796692609786987
295.597900390625,12.939755201339722
295.2005920410156,12.078781684239706
294.86395263671875,11.470643838246664
294.67083740234375,10.947262048721313
294.7439880371094,10.668909549713135
294.9773864746094,10.376390139261883
295.01947021484375,10.42615803082784
295.1227722167969,11.351492643356323
295.1441955566406,13.10546390215556
293.6126708984375,15.136162439982096
293.1029357910156,16.845187664031982
291.929443359375,18.79936917622884
290.1547546386719,21.042747020721436
291.540283203125,22.511531988779705
291.0807189941406,23.21969175338745
292.4998474121094,22.47949457168579
292.51513671875,22.165334701538086
293.2763977050781,20.751766045888264
295.180908203125,19.435274918874104
296.6257019042969,18.233692804972332
299.6858825683594,17.16137917836507
298.3853454589844,16.051939010620117
298.0426330566406,15.235424677530924
296.4657897949219,14.652757247289022
294.75927734375,14.176765203475952
295.90484619140625,13.580796400705974
295.7222900390625,13.145740429560343
295.749755859375,12.853327671686808
295.9200439453125,12.597214778264362
296.3148193359375,12.323717991511026
297.2362060546875,12.60819149017334
298.269287109375,13.847732464472452
297.37640380859375,15.794147968292236
297.67291259765625,17.834630648295086
297.03900146484375,19.8374080657959
294.7854309082031,21.67466974258423
294.3306579589844,23.63864231109619
293.77642822265625,24.927078406016033
293.6690368652344,25.630069732666016
292.97625732421875,25.569379170735676
293.64404296875,24.674455960591633
297.9867248535156,23.15740172068278
299.5667419433594,21.50748920440674
301.1505126953125,20.085894107818604
299.9137268066406,19.050559997558594
299.1520080566406,19.043180147806805
299.0691833496094,18.82775004704793
297.02545166015625,17.825185934702557
297.0020446777344,16.924002170562744
296.007080078125,16.39362684885661
295.8108825683594,16.010456959406536
296.0403747558594,15.580416520436605
296.156005859375,15.156137466430664
295.96697998046875,14.74957537651062
297.2449035644531,14.69309377670288
297.2624206542969,15.837348620096842
296.5271911621094,17.152546882629395
294.63970947265625,18.763349215189617
293.2589416503906,20.088178952534992
293.3440856933594,21.85782241821289
291.0911560058594,24.115180492401123
290.581298828125,25.794945398966473
290.6593322753906,26.233378728230793
291.9649353027344,25.896532853444416
292.1719970703125,24.60153579711914
293.86358642578125,22.887914816538494
294.97503662109375,21.513730208079018
294.3255615234375,20.19794495900472
294.5763244628906,19.225900014241535
294.98773193359375,18.38823175430298
297.227783203125,17.40826686223348
295.5286560058594,16.59129285812378
295.4082946777344,16.24788697560628
295.72027587890625,16.04525860150655
294.5377502441406,15.835017204284668
293.90472412109375,16.17944924036662
295.5022277832031,16.293225129445393
296.37713623046875,16.271858374277752
296.39312744140625,16.41867748896281
298.8726806640625,16.1332581837972
298.586181640625,16.402645587921143
298.7969055175781,16.568973382314045
299.23065185546875,16.614924430847168
297.956787109375,16.943031787872314
295.7402038574219,17.01011037826538
295.2178955078125,17.31829563776652
297.14373779296875,17.220345338185627
297.4231872558594,16.627826531728108
297.1290588378906,15.591592868169148
296.85113525390625,15.080286582310995
295.35699462890625,14.857896327972412
295.11102294921875,14.986452420552572
294.9781799316406,14.89766001701355
294.7518005371094,15.070655584335327
294.78778076171875,15.209848324457804
294.4483642578125,15.216808636983236
294.802734375,15.399854818979898
293.804931640625,15.52001150449117
293.710693359375,15.306553284327189
294.51800537109375,15.492916345596313
295.382080078125,15.567181984583536
295.93902587890625,15.410844723383585
295.08740234375,15.418963829676311
296.2633972167969,15.333461920420328
294.7244567871094,15.526539007822672
294.33489990234375,16.303995370864868
293.0884704589844,17.3924142519633
292.9233093261719,18.061856428782146
291.0224304199219,18.683095773061115
291.57611083984375,18.46175765991211
291.96246337890625,17.934279759724934
291.7216796875,16.709338665008545
293.62835693359375,16.034268538157146
295.4299621582031,16.143142382303875
293.3125305175781,15.777696212132772
293.74456787109375,14.163537502288818
293.8232727050781,13.06976318359375
293.52679443359375,12.34369961420695
292.91046142578125,11.407188574473063
292.9976501464844,10.546661376953125
293.0544128417969,9.841145753860474
293.138427734375,9.152388095855713
293.2381896972656,8.608172019322714
293.3712158203125,8.090291738510132
293.90472412109375,7.729181528091431
295.9008483886719,7.32168710231781
295.6604919433594,7.094374696413676
294.965576171875,7.521138230959575
294.6549987792969,8.687066634496054
293.46429443359375,9.738019863764444
293.1665954589844,10.752746502558391
292.5016784667969,11.993100007375082
292.0125427246094,13.583813667297363
292.6590270996094,14.70585544904073
291.80377197265625,15.304048856099445
292.413330078125,14.714820384979248
293.3974609375,14.021214008331299
295.33538818359375,13.219226598739624
294.6336364746094,12.10296630859375
294.22174072265625,11.19289755821228
293.83599853515625,10.465222438176474
293.6039123535156,9.829050064086914
293.6892395019531,9.235145886739096
294.06451416015625,8.542964855829874
293.7574768066406,7.471989830334981
294.03265380859375,6.512006759643555
294.083740234375,5.879910786946614
293.60150146484375,5.65700101852417
293.6959533691406,5.519573330879211
293.9034118652344,5.124287764231364
295.2176208496094,4.874775608380635
294.38232421875,5.623231967290242
294.18292236328125,6.904268463452657
292.9895324707031,8.048123478889465
292.9135437011719,9.233480850855509
291.9346618652344,10.957226276397705
291.1585388183594,12.56355897585551
291.6048278808594,13.491944074630737
291.1233215332031,13.751959880193073
292.55413818359375,13.621432622273764
293.2154846191406,13.449296553929646
294.1016540527344,12.406562407811483
294.8224792480469,11.233094135920206
295.1317138671875,10.231575727462769
295.1352844238281,9.278226613998413
294.5783996582031,8.529616991678873
295.0955505371094,7.786728938420613
295.40435791015625,7.10412581761678
294.4454650878906,6.6482488711675005
295.2064208984375,6.126798510551453
294.89703369140625,5.341595888137817
294.488037109375,4.772049466768901
294.1177978515625,4.3242584864298506
294.21142578125,3.9380578994750977
294.6184387207031,3.7937763532002764
293.3529968261719,4.477038939793904
293.40093994140625,6.0279422998428345
293.3213806152344,7.958125789960225
293.1428527832031,9.496853590011597
292.1127624511719,11.187602440516153
292.1186218261719,13.291180849075317
291.528564453125,14.346523602803549
291.6819152832031,15.220065673192343
291.9730224609375,15.14673932393392
293.5491638183594,13.924249331156412
296.2760925292969,12.694772322972616
297.713623046875,11.41112486521403
296.7315979003906,10.54272492726644
295.4832763671875,9.80117392539978
297.032958984375,9.15579851468404
297.359619140625,8.529810269673666
297.1963195800781,8.003111282984415
296.4632263183594,7.368930697441101
296.3508605957031,6.879457751909892
296.8356628417969,6.254468599955241
296.1487731933594,5.729688048362732
295.94598388671875,4.850824157396953
296.07257080078125,4.549286246299744
296.3145751953125,4.092716634273529
296.6341247558594,4.736215511957805
296.6502685546875,6.496880491574605
295.9881286621094,8.521790981292725
295.3087463378906,10.464942693710327
292.2161560058594,13.186063528060913
294.0737609863281,13.746132055918375
294.0422668457031,14.452766418457031
295.9381408691406,14.77914834022522
295.849365234375,14.734902064005533
297.2029113769531,13.766233762105307
299.26861572265625,13.171057303746542
302.3221130371094,12.579590876897177
300.82403564453125,11.480721394220987
299.6932067871094,10.84891184171041
299.57330322265625,10.07105565071106
297.8236083984375,9.877692302068073
296.5867004394531,10.488407929738363
296.4253234863281,9.694692770640055
296.79461669921875,8.808722257614136
297.1461486816406,8.33621366818746
296.1298522949219,8.783778190612793
294.9248352050781,8.978560288747152
294.451171875,8.786555767059326
296.2602233886719,8.568321784337362
295.5132141113281,9.352844953536987
296.1017761230469,9.919194300969442
294.6864929199219,10.6322762966156
293.653564453125,11.512465794881185
293.12744140625,12.263346513112387
291.5697326660156,12.813404083251953
292.0828552246094,13.041968504587809
293.7920837402344,13.106709480285645
294.23162841796875,12.44368839263916
294.4582824707031,12.051300207773846
297.5545349121094,11.535418033599854
299.68218994140625,11.786888202031454
296.677001953125,11.093994617462158
296.9967346191406,10.852468570073446
296.7923278808594,10.745512962341309
297.7132263183594,10.964659372965494
295.6263122558594,9.573856592178345
294.89605712890625,9.190020640691122
295.1417541503906,9.175753513971964
294.5082702636719,8.609890222549438
294.5187683105469,9.062636931737263
293.7179870605469,9.158782323201498
294.2110900878906,8.476405620574951
295.5446472167969,7.914732058842977
295.6824645996094,8.164344072341919
295.3165588378906,8.276328484217325
294.14727783203125,9.235965172449747
294.540283203125,9.99580454826355
293.87835693359375,10.043347756067911
295.144287109375,10.108861128489176
294.5618896484375,11.217422008514404
293.03375244140625,11.41548752784729
294.8855895996094,10.295783758163452
293.81622314453125,10.168606678644815
296.4393005371094,9.185278177261353
297.2982482910156,8.522956530253092
297.17333984375,8.30601453781128
297.31866455078125,8.410905639330545
296.07745361328125,8.0364142258962
295.2835998535156,7.892865419387817
295.3135986328125,7.636379679044087
295.591552734375,7.996457417805989
295.537841796875,7.8086888790130615
295.5073547363281,7.4843718608220415
295.2937316894531,7.332264065742493
294.9319763183594,6.8205781777699785
294.62896728515625,6.564751903216044
295.2345275878906,6.904821276664734
296.7266540527344,7.4567703406016035
293.8479919433594,8.1155553261439
293.8929443359375,8.482087135314941
294.5022888183594,9.596875588099161
291.3043518066406,11.105843623479208
291.3804016113281,13.176998535792034
290.8526916503906,13.98757807413737
292.0965881347656,13.796272913614908
291.2317810058594,13.017777363459269
293.5087890625,12.719356457392374
295.9076232910156,12.257558425267538
298.2643127441406,11.299819946289062
296.8586730957031,10.821064154307047
296.871337890625,9.905313650767008
296.018798828125,9.820437987645468
295.1414489746094,9.853934129079184
294.5528259277344,9.64430546760559
294.24713134765625,9.569014231363933
293.6410827636719,9.789652744928995
293.8634338378906,9.851123174031574
294.1422424316406,9.783278385798136
294.3899841308594,10.590054988861084
294.87408447265625,10.7461789449056
297.2633972167969,11.417665640513102
296.822265625,11.794314861297607
296.107666015625,12.80120857556661
294.283447265625,14.171623309453329
293.0665588378906,14.296329418818155
292.7545471191406,15.357653220494589
292.1280517578125,16.5685871442159
291.7272033691406,16.801973978678387
293.2039489746094,15.340715567270914
293.0267639160156,14.869812250137329
293.3366394042969,14.19126542409261
294.1426696777344,13.768078565597534
295.28704833984375,13.49047883351644
295.5880126953125,13.070136149724323
295.41485595703125,13.243704239527384
295.241455078125,13.100475072860718
295.3567810058594,13.453019857406616
296.056884765625,12.953755696614584
295.3788757324219,11.901576916376749
293.9302062988281,11.656527598698935
293.693603515625,11.785722732543945
293.3425598144531,11.317577123641968
293.72894287109375,9.940534989039103
294.753173828125,10.350660244623821
294.1932067871094,10.848951737085978
294.006103515625,11.25159740447998
293.7033996582031,11.059173186620077
292.4229736328125,12.118805090586344
292.1717224121094,12.791850407918295
293.06524658203125,13.055089950561523
293.0081481933594,13.03991707166036
292.999267578125,13.905206759770712
293.3498229980469,13.756256182988485
293.5447082519531,12.927626371383667
294.31561279296875,13.156370639801025
294.1803283691406,13.404610792795816
294.04986572265625,13.26471177736918
293.593505859375,12.838627656300863
296.00531005859375,12.705649137496948
297.7832336425781,12.444021383921307
296.3697814941406,10.68462856610616
296.54290771484375,9.229710340499878
295.7108459472656,9.728415330251057
295.3829345703125,8.95272390047709
294.84234619140625,8.54533608754476
294.77093505859375,8.29521107673645
294.2952575683594,7.813624421755473
294.7562255859375,7.658745884895325
294.7358093261719,7.966291626294454
294.0970764160156,8.269178628921509
293.405517578125,9.233540773391724
291.6515197753906,10.883327086766561
291.6962890625,11.936292012532553
290.4166564941406,13.763362884521484
291.3192443847656,15.050107479095459
291.06732177734375,15.152853727340698
292.0992736816406,15.009777784347534
292.9147644042969,14.778136094411215
293.80670166015625,14.018549839655558
295.821533203125,13.267369349797566
297.4364013671875,13.134244283040363
297.6034240722656,12.901363690694174
299.0561828613281,12.664506673812866
296.82366943359375,11.360244830449423
298.0768737792969,11.788060665130615
297.68841552734375,11.647668838500977
295.3961486816406,10.499757369359335
295.7331848144531,9.4226553440094
295.9279479980469,8.565737326939901
295.8805847167969,8.473028898239136
296.2152404785156,8.675970077514648
296.5523986816406,8.689104715983072
297.4821472167969,8.59030826886495
297.76458740234375,8.603183269500732
297.0941467285156,8.986979166666666
296.59417724609375,9.532600959142048
296.2952575683594,10.26405930519104
297.0336608886719,11.330205599466959
296.23406982421875,11.400421380996704
296.8916931152344,11.441736936569214
296.29888916015625,12.010524034500122
296.76934814453125,11.641687631607056
296.9498291015625,11.350167353947958
296.8213195800781,11.806244134902954
296.54547119140625,11.755550384521484
295.8932189941406,11.40540353457133
295.20233154296875,11.551996231079102
295.076171875,11.216529528299969
294.91790771484375,11.466161410013834
294.6750793457031,11.731125911076864
295.27325439453125,11.877898534138998
294.1017150878906,11.84151848157247
294.1865539550781,10.51339824994405
294.4983825683594,9.989576737085978
294.4186096191406,10.531075636545818
296.124267578125,10.697709878285727
297.592529296875,10.56210708618164
298.8507080078125,10.953949213027954
296.82177734375,12.146226644515991
295.4784240722656,13.590540806452434
293.9874572753906,15.23302698135376
294.5670166015625,16.76918363571167
293.0146484375,17.59891923268636
292.6485595703125,18.05872392654419
291.3985900878906,18.77471860249837
292.6282653808594,18.09838326772054
293.48199462890625,17.67320489883423
294.9960021972656,16.386353651682537
299.3294982910156,15.87206999460856
296.95989990234375,14.511726061503092
296.68768310546875,13.259183565775553
296.1689758300781,13.106975793838501
296.4141845703125,12.739205201466879
298.7838439941406,12.497832218805948
297.802490234375,12.331710577011108
296.179443359375,12.511160135269165
295.0406188964844,13.145107587178549
296.2364196777344,13.794594526290894
295.135009765625,14.136715253194174
296.3826904296875,14.506037871042887
298.3603210449219,14.977999925613403
298.5086364746094,16.13578923543294
297.447021484375,17.565809567769367
293.74017333984375,19.361862500508625
293.5214538574219,20.477084000905354
293.50933837890625,20.995962619781494
291.9427490234375,22.1450997988383
291.68341064453125,23.23114808400472
291.911376953125,23.771960417429607
294.0332336425781,23.698933601379395
293.4186096191406,22.17123619715373
294.3544006347656,20.471995035807293
295.26617431640625,19.634966214497886
295.9018859863281,18.70941162109375
298.9786376953125,18.06973632176717
297.7633972167969,17.63107681274414
296.36444091796875,17.128515879313152
297.6863098144531,17.042847156524658
297.6931457519531,16.65947739283244
297.28179931640625,15.827663818995159
297.91497802734375,15.126158078511557
298.5421447753906,14.448843479156494
298.5600280761719,13.952470143636068
298.4602355957031,13.168652931849161
298.8639831542969,13.029653151830038
300.26214599609375,13.185151020685831
300.88824462890625,14.46921157836914
298.1361389160156,16.981749693552654
293.4061279296875,19.332815488179524
293.1126708984375,20.529968738555908
292.5504455566406,18.93760315577189
293.19183349609375,18.416705449422203
293.31982421875,18.47288115819295
293.06365966796875,18.35100571314494
292.2366943359375,17.475019296010334
293.2574462890625,16.861406485239666
292.9688415527344,16.39850902557373
292.8017578125,15.479901790618896
292.9163513183594,14.287488222122192
292.7364196777344,13.423158558932217
292.3274230957031,12.87841804822286
292.3276062011719,12.62564222017924
292.1614990234375,12.682610193888346
292.2798156738281,12.68950374921163
292.57073974609375,12.683988809585571
292.84796142578125,12.59977904955546
293.2481384277344,12.489712953567505
294.70648193359375,11.634740670522055
296.43798828125,11.01832365989685
295.0553894042969,10.782325983047485
294.007568359375,10.657286961873373
293.09124755859375,10.889762004216513
291.9010314941406,11.450169324874878
292.5486145019531,11.915251096089682
292.0959777832031,12.724318742752075
291.83258056640625,13.733456929524738
292.8504333496094,13.854366381963093
292.0382385253906,13.49779224395752
292.5696105957031,12.666884581247967
293.8632507324219,11.803606430689493
294.253173828125,11.219926039377848
293.216064453125,11.040376822153728
293.29266357421875,10.60910407702128
293.0508117675781,10.124513467152914
292.71417236328125,10.191345930099487
293.0428161621094,9.800849119822184
293.2842712402344,9.556818723678589
293.2527770996094,9.422721227010092
293.3934631347656,9.15328081448873
293.8684997558594,8.790811856587728
294.2325744628906,8.170558293660482
294.23760986328125,7.4726559321085615
294.0396728515625,7.378788312276204
293.8082580566406,7.763317068417868
293.11456298828125,8.301525394121805
292.9720153808594,9.398450056711832
292.6351013183594,9.933075110117594
292.55511474609375,10.60412883758545
292.8638000488281,10.59710176785787
293.8201599121094,9.640082597732544
295.0603942871094,8.31809687614441
294.3687744140625,8.460100650787354
294.2262268066406,8.409799893697103
294.802001953125,7.334308981895447
295.5491638183594,6.93867027759552
295.7281799316406,6.808602492014567
295.16656494140625,6.363309303919475
294.8544921875,5.956860502560933
294.8845520019531,5.858223954836528
294.93841552734375,6.044780254364014
295.157470703125,6.465955495834351
295.1800231933594,5.924616614977519
294.9405822753906,5.9463967482248945
294.7864074707031,6.246595819791158
294.8350830078125,6.173049688339233
294.64483642578125,6.125466545422872
294.6444396972656,5.727716525395711
295.3057861328125,5.659219066301982
295.1305236816406,6.474334478378296
294.259521484375,7.86787490049998
293.3166809082031,9.276561260223389
292.84814453125,10.564578294754028
292.2190856933594,12.117153406143188
291.5844421386719,11.940534671147663
292.4905700683594,12.271119356155396
293.07427978515625,12.249406019846598
294.1253662109375,11.510920604070028
296.2244873046875,10.25060494740804
295.6369934082031,9.630844513575235
297.728271484375,9.045672257741291
298.5752868652344,8.251984000205994
298.0818786621094,7.715600609779358
297.65924072265625,7.15721066792806
296.749755859375,6.450263102849324
296.534423828125,5.826579451560974
296.0685119628906,5.311636567115784
295.9338684082031,4.826173384984334
295.27325439453125,4.269148826599121
295.53955078125,3.7984854181607566
295.8372802734375,3.5906419356664023
296.71783447265625,3.384470224380493
297.40625,3.5211321115493774
298.7092590332031,4.76034673055013
299.0091552734375,6.495968023935954
298.5688171386719,8.539894461631775
297.4693908691406,11.503720362981161
296.42047119140625,13.771275679270426
295.5177307128906,14.867707411448162
295.07318115234375,15.86237891515096
296.73052978515625,16.066992044448853
297.26318359375,15.05667495727539
300.9706115722656,13.488727251688639
301.28912353515625,12.173914829889933
300.8010559082031,10.987025578816732
299.4795227050781,9.685667753219604
298.62200927734375,8.311482826868692
297.5514221191406,7.327761610349019
296.80133056640625,6.384130199750264
296.2039794921875,5.794375618298848
295.85943603515625,5.202136596043904
295.6878967285156,4.769951383272807
295.904541015625,4.461846073468526
295.9767150878906,4.472123384475708
296.0937805175781,3.970534920692444
297.1221008300781,3.906599978605906
298.3662414550781,4.309385418891907
300.01068115234375,6.071629007657369
299.3764953613281,8.503087917963663
295.0263977050781,10.903694947560629
294.64263916015625,13.71739157040914
294.0621032714844,15.548978487650553
294.43994140625,16.502807299296062
293.91192626953125,16.797964255015057
295.66375732421875,16.41911045710246
296.8720397949219,15.059392372767132
297.78143310546875,13.457655509312948
299.85107421875,12.632589181264242
300.4107971191406,12.058839877446493
297.9685974121094,10.744300603866577
297.5832214355469,9.702279249827068
296.6664733886719,9.1227285861969
296.41754150390625,8.472869157791138
296.0816345214844,8.43889315923055
296.09002685546875,8.833732604980469
296.1299743652344,8.919867277145386
296.0669250488281,8.47723158200582
296.7268981933594,7.466308395067851
297.42730712890625,8.037047028541565
298.564208984375,9.385308742523193
297.9690856933594,9.589675267537435
297.8900146484375,10.355469226837158
298.076904296875,11.974703470865885
295.3282775878906,13.402892192204792
292.6165466308594,15.834704160690308
292.60552978515625,17.05149269104004
293.28204345703125,17.656166712443035
293.5991516113281,17.592291990915935
294.40228271484375,17.06290912628174
294.85595703125,16.2998526096344
296.2220458984375,15.311462243398031
299.28411865234375,14.260342359542847
298.6380310058594,12.990009387334187
299.408447265625,11.783844470977783
298.829345703125,11.509501695632935
298.9112854003906,10.742176055908203
299.0931091308594,10.200271209081015
298.4510803222656,9.03774627049764
298.0769958496094,8.900611480077108
296.95263671875,8.932588974634806
296.16021728515625,8.56372586886088
295.9283447265625,7.912880380948384
296.5151672363281,7.5659373601277675
297.8817443847656,7.367079059282939
298.45111083984375,7.156771183013916
299.60040283203125,8.489553610483805
298.9755554199219,10.538042465845743
299.9249267578125,12.685926993687948
298.0429382324219,15.708918968836466
297.9295654296875,17.701812108357746
296.303955078125,18.106755415598553
296.7760925292969,18.53243335088094
298.23577880859375,18.406068642934162
297.1083984375,17.291653474171955
301.07861328125,15.838094472885132
302.36297607421875,14.62867252031962
302.133544921875,13.67940640449524
301.5505676269531,12.648900906244915
300.71636962890625,11.558010737101236
299.6898498535156,10.639636198679606
298.9974670410156,9.814043760299683
298.0660095214844,9.101454814275106
296.7838134765625,8.475433190663656
295.6824645996094,8.014747301737467
295.3025817871094,7.408061504364014
295.60162353515625,6.881395975748698
295.7350158691406,6.498006224632263
296.5594177246094,6.2423730691274
298.42169189453125,6.70670223236084
299.6739501953125,7.84803307056427
300.14013671875,9.48617664972941
301.32672119140625,11.278312842051188
298.56292724609375,14.199418067932129
296.5268249511719,16.821649074554443
295.1292724609375,17.914770762125652
295.7513732910156,18.97137212753296
296.6294860839844,18.88644329706828
300.47064208984375,17.802826404571533
301.73931884765625,16.408440113067627
302.5622863769531,14.912106990814209
301.677978515625,13.511013348897299
301.6534729003906,12.42697016398112
300.1109924316406,11.028614441553753
299.003173828125,9.822096427281698
298.0857849121094,9.025890350341797
297.1747131347656,8.34015679359436
296.83306884765625,7.8246809641520185
296.2228088378906,7.264705816904704
296.18951416015625,6.9162575006484985
296.0844421386719,6.710958321889241
296.1669006347656,6.4681334892908735
296.5572509765625,6.444614887237549
297.6663513183594,7.063962539037068
298.3870849609375,9.195348978042603
296.3741149902344,11.921458721160889
296.193115234375,14.18294628461202
294.4762268066406,17.103878180185955
293.328857421875,19.638796011606853
291.30523681640625,20.955293496449787
291.3992004394531,21.705934365590416
292.35784912109375,21.73122501373291
295.6281433105469,20.334853649139404
296.27044677734375,18.505557854970295
297.9947814941406,16.928285280863445
297.198486328125,15.791130940119425
293.2458190917969,15.459653536478678
293.8102111816406,15.584912379582722
294.03515625,15.198372046152752
293.8946228027344,14.214883804321289
294.9088439941406,12.710091749827066
295.7034606933594,11.363175392150879
295.8209533691406,10.521764039993286
296.5587158203125,10.239448467890421
295.245361328125,9.632176637649536
297.3854064941406,9.16029421488444
296.6302185058594,8.399748881657919
296.58984375,8.773520867029825
295.9527587890625,10.194030046463013
295.2992248535156,12.343473434448242
293.4155578613281,14.577539364496866
291.96917724609375,17.241598924001057
290.906494140625,19.50198761622111
291.18646240234375,19.81469519933065
292.2621765136719,20.02121337254842
293.164306640625,19.666290760040283
294.7825622558594,18.36661132176717
297.20001220703125,16.7961327234904
298.3480224609375,15.169045686721802
300.0477294921875,13.779601573944092
300.84844970703125,12.587530374526978
299.6458740234375,11.212393124898275
298.85101318359375,9.721328496932983
297.6761474609375,8.776138544082642
297.4847412109375,7.97529673576355
297.0257263183594,7.14106547832489
296.5456237792969,6.9027098417282104
296.1033935546875,6.597981492678325
295.7122497558594,6.410865743954976
296.0054931640625,5.9317567348480225
296.0418395996094,5.59520411491394
296.5122985839844,6.038519223531087
294.9490051269531,8.031312187512716
294.4667663574219,10.36570660273234
294.49945068359375,12.74769075711568
293.4570007324219,15.538328250249227
291.4583740234375,18.23915449778239
290.8809509277344,19.316610177357994
292.0428466796875,19.89951769510905
291.9814147949219,19.550789674123127
294.416259765625,18.3129669825236
296.7228698730469,16.589754501978557
300.0876159667969,15.195281664530436
301.4500427246094,13.643872261047363
300.48980712890625,12.159248272577921
299.998291015625,11.681431293487549
299.27398681640625,11.826045989990234
298.58819580078125,11.90952976544698
297.6578369140625,11.38724676767985
296.2448425292969,11.413416147232056
295.2564392089844,11.492583831151327
294.7740478515625,11.882973829905191
295.11517333984375,12.327248175938923
295.6964416503906,12.40941309928894
296.7117614746094,12.362369298934937
299.1983337402344,12.13596288363139
298.9698486328125,12.16496976216634
298.7140197753906,11.900158325831095
299.5985412597656,12.146633068720499
298.8343811035156,11.792776425679525
299.4144287109375,11.388039429982504
299.6822814941406,11.930164178212483
299.089111328125,11.989762941996256
298.4410705566406,11.964079777399698
298.5518798828125,11.900890986124674
298.72784423828125,11.379087448120117
298.5491943359375,10.566709518432617
297.8658752441406,10.378128608067831
296.63970947265625,9.585465987523397
295.6264343261719,9.280964136123657
295.0653381347656,9.240401983261108
295.0106506347656,9.324917157491049
294.6195068359375,9.37513812383016
294.5392150878906,9.309378067652386
294.4127502441406,9.525866905848185
294.192138671875,8.599479993184408
294.714599609375,8.675383885701498
294.6595153808594,9.164177417755127
296.11724853515625,8.786089340845743
297.18585205078125,8.841805299123129
297.1705322265625,9.7713294823964425
297.3794860839844,11.294158538182577
293.7027893066406,12.5548202196757
294.1809997558594,13.760698715845743
292.14447021484375,15.09837015469869
292.02545166015625,15.55561908086141
292.8001403808594,16.044159332911175
294.98712158203125,14.813743511835733
297.2475280761719,13.470443884531656
297.1600646972656,13.468718528747559
295.255126953125,13.253974914550781
294.91387939453125,12.719130118687948
295.10247802734375,12.023225784301758
294.6945495605469,11.57852538426717
294.701416015625,11.867215077082315
295.2094421386719,12.763049999872843
294.69476318359375,12.650326331456503
293.6634216308594,12.30071226755778
293.778076171875,12.040343681971232
294.24090576171875,12.161293029785156
293.9149169921875,12.521230856577555
294.1016845703125,12.731525421142578
294.5289611816406,12.675350030263266
297.49359130859375,13.274789253870646
296.9324645996094,14.192271073659262
297.665283203125,15.279611190160116
295.9112548828125,16.90877628326416
296.2582702636719,17.49245007832845
297.0829772949219,18.054543177286785
296.16552734375,18.678986231486004
292.51116943359375,19.716917991638184
290.4173278808594,18.481366475423176
295.73394775390625,15.203940312067667
293.0412292480469,13.908150672912598
293.5381164550781,12.999360799789429
296.9969787597656,11.982682943344116
293.63006591796875,11.287317991256714
292.5433044433594,12.230936129887898
293.59625244140625,11.334028720855713
293.068359375,10.534519116083782
293.0694274902344,9.999687512715656
293.0803527832031,9.489167213439941
293.7208557128906,8.431207021077475
293.700927734375,8.198192993799845
293.4278869628906,8.035108844439188
294.0548400878906,7.835038105646769
294.563232421875,7.5785791873931885
295.6297607421875,7.5607554117838545
293.77105712890625,8.767653028170267
292.63580322265625,10.043620824813843
292.90484619140625,10.526666243871054
292.6140441894531,11.328646898269653
293.279296875,11.754930893580118
292.9039611816406,11.56247329711914
293.4483947753906,11.871930599212646
293.7746276855469,11.049015680948893
295.118896484375,10.514164368311565
295.016357421875,9.875361204147339
295.79119873046875,9.430074453353882
296.075439453125,9.542045672734579
295.609619140625,10.079987525939941
296.166748046875,9.83715589841207
295.4539794921875,8.99108894666036
294.953857421875,8.495421568552652
294.37310791015625,9.221478780110678
294.4421081542969,9.127364476521809
294.94354248046875,8.588469982147217
294.5190734863281,8.476831992467245
294.17474365234375,7.972072879473369
294.38775634765625,7.589988668759664
294.84808349609375,8.458775083223978
294.3715515136719,8.424326578776041
295.152587890625,8.374019225438436
293.0813903808594,9.603189627329508
293.0932312011719,10.230516751607258
291.23272705078125,12.055776119232178
291.3033142089844,12.069483518600464
292.7278747558594,12.202135801315308
292.4784851074219,12.111724932988484
293.01220703125,11.772741238276163
293.9985046386719,10.98005199432373
295.75390625,10.467407067616781
297.95025634765625,10.173901796340942
297.50335693359375,8.875734249750773
297.2019958496094,8.28076442082723
297.5710144042969,7.852049350738525
299.12725830078125,7.32000199953715
298.090087890625,6.6952526569366455
297.38427734375,5.9321697155634565
296.634033203125,5.21992031733195
296.2433776855469,4.620927492777507
295.5754089355469,4.183740218480428
295.8424377441406,4.05407855908076
295.9630126953125,4.222344875335693
296.4417724609375,5.305082559585571
296.41937255859375,6.425652305285136
296.5318603515625,7.500863432884216
295.0994567871094,9.086827913920084
293.7794494628906,10.189600706100464
293.3529052734375,11.807915767033895
292.17877197265625,13.213911453882853
291.94390869140625,12.990588744481405
292.76763916015625,13.06181041399638
292.7639465332031,12.44815762837728
294.2828369140625,11.958691438039144
294.0408020019531,12.464988946914673
294.062255859375,12.022839546203613
293.60540771484375,11.938216765721638
293.26544189453125,11.724705139795939
294.21514892578125,10.897633949915567
295.1741638183594,9.351080020268759
294.2276306152344,9.261648416519165
293.69586181640625,9.354090611139933
293.7800598144531,9.226254065831503
293.78668212890625,9.15160878499349
293.7903137207031,8.779355525970459
294.04241943359375,8.191892306009928
294.38623046875,8.56276019414266
294.2892150878906,8.492357810338339
296.4261169433594,8.633462270100912
296.40216064453125,9.367371877034506
294.73541259765625,9.938256978988647
293.54791259765625,10.586444775263468
292.8770446777344,11.054031133651733
292.78070068359375,11.245569467544556
293.80181884765625,11.347130060195923
295.4517517089844,11.174503087997437
296.051025390625,10.921871900558472
295.93853759765625,10.890407244364422
295.8110046386719,11.181634505589804
296.0691833496094,10.692441383997599
298.1337585449219,10.21439814567566
297.9271545410156,9.854660113652548
296.8536071777344,9.821670134862263
296.04901123046875,9.067325989405314
295.96209716796875,9.052865982055664
295.818603515625,8.544423580169678
295.2386779785156,8.360671520233154
295.0264892578125,8.342341502507528
294.829833984375,8.625482877095541
294.5981750488281,8.92699392636617
294.5260314941406,9.329206705093384
295.64056396484375,8.988611062367758
295.6459045410156,9.448917309443155
295.6809387207031,9.532880624135334
295.2469482421875,9.855905612309773
294.6646728515625,10.26100214322408
294.6325988769531,11.170544624328613
294.6258544921875,11.382804155349731
294.2207946777344,11.745646079381306
294.1056213378906,12.2986741065979
295.84881591796875,12.724411964416504
295.8600158691406,11.665033022562662
296.5022888183594,10.789446115493774
297.2929382324219,9.973278443018595
297.7751159667969,9.306174278259277
297.5933837890625,8.794921398162842
297.40533447265625,8.362809419631958
296.60980224609375,7.729294776916504
295.9759521484375,7.35119354724884
295.3180236816406,6.370522658030192
295.49139404296875,5.730433980623881
295.3830261230469,6.221132397651672
295.46636962890625,6.246809045473735
295.515380859375,6.120630979537964
295.08837890625,5.9129206736882525
295.4185791015625,5.668750325838725
295.70721435546875,5.660577774047852
295.9062805175781,5.645724773406982
296.5130310058594,5.9064399401346845
297.4715270996094,6.514577706654866
297.32318115234375,7.603969216346741
297.0390625,10.307566324869793
295.80413818359375,12.37692944208781
296.34185791015625,13.831007798512777
298.155517578125,13.797391812006632
299.0650634765625,12.855026086171467
299.83709716796875,11.884252627690634
300.73504638671875,10.721574783325195
300.6708679199219,9.789925813674927
299.10113525390625,8.910322666168213
298.7565002441406,8.219327211380005
298.42779541015625,7.42880916595459
297.116455078125,6.241833488146464
296.7501525878906,5.833366592725118
297.043212890625,5.526107390721639
296.4278869628906,5.218801339467366
295.3569641113281,4.920493880907695
294.87310791015625,4.689944426218669
294.9903564453125,4.445447723070781
295.2827453613281,4.087994297345479
295.7881774902344,4.255394697189331
295.575439453125,5.004550457000732
297.652587890625,6.5036410093307495
299.4563903808594,8.343680143356323
296.063720703125,10.19271143277486
294.61968994140625,12.019455909729004
293.12322998046875,13.013368050257364
294.06268310546875,13.111858208974203
296.21533203125,13.389237960179647
296.9917297363281,12.161153237024942
298.559814453125,10.76458215713501
299.083740234375,9.970873832702637
299.406494140625,8.61784315109253
298.36041259765625,7.851416667302449
297.9380798339844,7.7238331238428755
297.5704040527344,6.803999940554301
296.9850158691406,5.874975283940633
296.2338562011719,5.115229249000549
295.6202697753906,5.1972410678863525
295.18109130859375,5.906566421190898
294.81231689453125,6.281503876050313
295.0558166503906,5.969082673390706
295.49969482421875,5.961576223373413
296.21844482421875,6.7595072984695435
295.79583740234375,7.503061413764954
295.83050537109375,7.8317411343256635
296.483154296875,9.253063042958578
293.641845703125,10.315219402313232
293.45404052734375,10.82063086827596
296.0133361816406,12.091743230819702
296.18170166015625,11.867761135101318
297.30743408203125,10.9656716187795
296.34918212890625,9.891173442204794
296.23590087890625,9.300912539164225
295.46478271484375,9.109440644582113
295.83746337890625,8.779562075932821
294.5041809082031,8.741803248723349
294.7509765625,8.491305351257324
294.8040466308594,8.53960140546163
294.79266357421875,8.41903805732727
294.9002990722656,8.433984438578287
294.46331787109375,8.34591817855835
293.830810546875,8.46644139289856
293.95306396484375,8.4325057665507
293.89263916015625,8.290002504984537
293.88079833984375,8.053998072942099
294.3923034667969,7.731938997904459
294.1397705078125,7.492431243260701
294.8890380859375,7.686920126279195
294.8364562988281,7.918601830800374
294.8709716796875,8.268728733062744
295.1727600097656,8.43011466662089
295.3739318847656,8.484065453211466
295.3930358886719,8.631590525309244
295.36529541015625,8.89675490061442
294.9835510253906,8.79669976234436
295.5037841796875,8.366206248601278
295.263916015625,7.779042760531108
295.4637145996094,7.365973313649495
295.1893615722656,7.010591308275859
295.9261474609375,7.399875680605571
295.9798278808594,6.879750887552897
295.4423522949219,6.71001919110616
295.29998779296875,5.823115984598796
295.8526611328125,5.897135098775228
295.6690979003906,6.714341918627421
295.4235534667969,7.3229459921518965
295.39227294921875,7.795454303423564
295.5321350097656,8.067066311836243
295.7301025390625,8.36028504371643
295.12420654296875,8.364701191584269
294.8897399902344,8.14115858078003
294.7601013183594,8.432665586471558
294.5146179199219,9.09185004234314
294.7442626953125,9.62961220741272
294.1270446777344,10.08305811882019
294.2184753417969,10.272957881291708
294.27593994140625,10.244523763656616
294.38018798828125,10.331491072972616
294.1826171875,10.262514034907023
294.285400390625,10.062097231547037
295.0281677246094,10.190080245335897
295.8177185058594,10.327088435490927
295.66693115234375,10.098503907521566
295.418701171875,9.427103996276855
295.83160400390625,9.60641352335612
295.04827880859375,9.653164148330688
295.0940856933594,9.483219305674234
295.1893615722656,9.331657727559408
294.0120544433594,9.080500523249308
294.016845703125,8.808009386062622
294.21405029296875,8.604681809743246
294.307861328125,8.294571797053019
294.1380615234375,7.939642588297526
293.7721862792969,7.228492299715678
294.55914306640625,7.3209744691848755
295.7818603515625,7.828890562057495
295.5057067871094,8.017005364100138
295.67181396484375,8.380666534105936
295.21240234375,8.900624831517538
295.3960876464844,9.488907416661581
295.0131530761719,9.544716517130533
295.1066589355469,9.189321120580038
295.8409423828125,8.920806487401327
296.46978759765625,8.898873090744019
296.4123229980469,9.132532993952433
296.4894104003906,9.354696830113728
296.1203308105469,9.413336594899496
295.69189453125,9.145960728327433
295.5971374511719,8.908637444178263
295.5880432128906,8.862959146499634
295.276123046875,8.992294390996298
294.6009521484375,9.020841677983602
293.80767822265625,9.03368322054545
293.1994934082031,9.10293992360433
293.5169982910156,9.317683855692545
293.5245361328125,9.537889321645102
293.543701171875,9.04982852935791
294.6744384765625,8.829016923904419
294.8735046386719,8.960383653640747
295.33624267578125,8.615318854649862
296.4464111328125,9.08584221204122
296.9198303222656,9.43722152709961
296.564697265625,9.79643988609314
296.05657958984375,9.547107696533203
296.4679870605469,9.256113449732464
295.92095947265625,9.368803898493448
296.2177734375,9.06929087638855
296.3180236816406,8.724119265874227
296.5265197753906,8.411165237426758
297.96258544921875,8.01490064462026
297.7297668457031,7.259743730227153
297.0745544433594,6.705076972643535
296.153564453125,6.573277473449707
296.2915954589844,6.5679357051849365
296.60076904296875,6.536011457443237
295.5130310058594,6.2655385335286455
295.06243896484375,6.1601055065790815
295.3888244628906,6.305981596310933
295.173583984375,6.27030082543691
295.6569519042969,6.0281087557474775
295.1046447753906,5.576727668444316
294.9273376464844,5.032118558883667
295.3272705078125,4.627787907918294
295.5869140625,4.470937887827556
296.0869140625,4.704944094022115
297.0034484863281,5.527119716008504
297.02099609375,6.827358682950337
297.2176818847656,7.642056425412496
297.8246154785156,8.699581861495972
297.9325866699219,9.152408043543497
297.9945373535156,9.371008396148682
298.08258056640625,8.734723011652628
297.610107421875,8.257612307866415
297.4475402832031,8.322952508926392
296.86090087890625,8.452540953954061
296.6825866699219,8.537356694539389
297.0823669433594,8.830935080846151
294.45703125,8.255840420722961
294.5328674316406,7.42978835105896
293.9064025878906,7.563146630922954
293.7870178222656,7.554914077123006
293.9707946777344,6.997509876887004
294.1207580566406,6.943092981974284
294.00311279296875,6.891579985618591
294.1627502441406,6.948454737663269
294.6824645996094,6.73759404818217
294.97222900390625,6.6278276443481445
295.8152770996094,6.961815313859419
294.7121887207031,7.300856153170268
293.8829345703125,8.256023009618124
294.1985168457031,8.433111906051636
294.4966735839844,8.969122171401978
294.6618957519531,9.721544981002808
294.1241760253906,8.848730882008871
294.77825927734375,9.163371404012045
295.3725280761719,9.251717567443848
295.7913818359375,8.924349705378214
296.9852294921875,8.70580275853475
295.7467041015625,8.488474607467651
295.6585388183594,8.327634930610657
295.551025390625,7.926451683044434
294.0179138183594,8.827378431955973
293.483154296875,8.926634391148886
293.1634216308594,9.100229104359943
293.26239013671875,8.708267291386923
293.3245544433594,8.431686560312906
293.6861267089844,8.068797826766968
294.05426025390625,7.943092703819275
294.65277099609375,7.889288743336995
294.93914794921875,7.783025741577148
295.178466796875,7.947015921274821
294.81365966796875,8.37973435719808
294.8987121582031,8.831976811091105
294.78741455078125,9.54736073811849
295.12371826171875,10.267905235290527
295.5511474609375,10.613653341929117
295.78558349609375,10.37453850110372
295.9563293457031,10.042315403620401
295.6878356933594,9.93907634417216
295.568603515625,9.94813719662753
295.5526428222656,10.016092618306478
295.3292236328125,9.910655577977499
295.2582702636719,9.828803618748983
295.2469787597656,9.956360499064129
294.9486999511719,10.170937935511272
294.33624267578125,10.409486611684162
293.5888366699219,10.654482762018839
293.41455078125,10.82573970158895
293.33953857421875,10.780001401901245
293.2073059082031,10.916143655776978
293.54974365234375,11.028001546859741
293.83526611328125,10.898273468017578
294.345947265625,10.383197148640951
294.4300231933594,10.413196404774984
294.18939208984375,10.776857535044353
293.8607177734375,11.532847166061401
293.59490966796875,12.19675389925639
293.4788818359375,12.803985834121704
293.5152893066406,12.876073439915976
294.8435974121094,11.60719919204712
294.9998474121094,11.438972870508831
294.97198486328125,11.25532062848409
294.8950500488281,10.893930753072103
295.1473693847656,11.529090404510498
295.2909851074219,11.980491479237875
295.2011413574219,11.78545618057251
294.08197021484375,11.463230689366657
293.5340270996094,11.238202810287476
293.4327697753906,11.31373405456543
293.6112060546875,11.006108204523724
293.5938415527344,10.758594353993734
293.1662292480469,11.029147148132324
293.239501953125,10.738519430160522
293.3826599121094,10.447864850362143
293.50299072265625,10.348155736923218
293.69732666015625,10.266943454742432
294.1837158203125,9.870825211207073
294.50189208984375,10.064108848571777
294.0985412597656,9.989623467127482
293.1402587890625,9.998981555302937
292.9564514160156,10.34390664100647
293.1880798339844,11.00996462504069
292.9270935058594,11.990468899408976
292.54681396484375,12.05116049448649
293.5665588378906,12.265611092249554
293.9821472167969,12.036074161529541
295.2711486816406,12.154985586802166
294.6777648925781,11.576600472132364
294.4642028808594,11.470094998677572
294.96484375,11.393933852513632
294.7761535644531,10.584067106246948
295.0323791503906,10.379440625508627
295.1459045410156,10.144781668980917
295.32757568359375,9.560262282689413
295.18267822265625,9.619354963302612